tag,sample Name,isRef,pair1Bam,pair2Bam
ACT,ref1,Y,20100916_c1_p1.02_ACT.bam,20100916_c1_p2.02_ACT.bam
ATT,ref2,Y,20100916_c1_p1.04_ATT.bam,20100916_c1_p2.04_ATT.bam
CAT,ref3,Y,20100916_c1_p1.05_CAT.bam,20100916_c1_p2.05_CAT.bam
CGT,sample1_0.1,N,20100916_c1_p1.07_CGT.bam,20100916_c1_p2.07_CGT.bam
GTT,sample2_0.1,N,20100916_c1_p1.12_GTT.bam,20100916_c1_p2.12_GTT.bam
TCT,sample3_0.1,N,20100916_c1_p1.14_TCT.bam,20100916_c1_p2.14_TCT.bam
ACT,sample1_0.3,N,20100916_c2_p1.02_ACT.bam,20100916_c2_p2.02_ACT.bam
ATT,sample2_0.3,N,20100916_c2_p1.04_ATT.bam,20100916_c2_p2.04_ATT.bam
CAT,sample3_0.3,N,20100916_c2_p1.05_CAT.bam,20100916_c2_p2.05_CAT.bam
CGT,sample1_1,N,20100916_c2_p1.07_CGT.bam,20100916_c2_p2.07_CGT.bam
GTT,sample2_1,N,20100916_c2_p1.12_GTT.bam,20100916_c2_p2.12_GTT.bam
TCT,sample3_1,N,20100916_c2_p1.14_TCT.bam,20100916_c2_p2.14_TCT.bam
ACT,sample1_10,N,20100916_c3_p1.02_ACT.bam,20100916_c3_p2.02_ACT.bam
ATT,sample2_10,N,20100916_c3_p1.04_ATT.bam,20100916_c3_p2.04_ATT.bam
CAT,sample3_10,N,20100916_c3_p1.05_CAT.bam,20100916_c3_p2.05_CAT.bam
CGT,sample1_100,N,20100916_c3_p1.07_CGT.bam,20100916_c3_p2.07_CGT.bam
GTT,sample2_100,N,20100916_c3_p1.12_GTT.bam,20100916_c3_p2.12_GTT.bam
TCT,sample3_100,N,20100916_c3_p1.14_TCT.bam,20100916_c3_p2.14_TCT.bam